query,clicks,impressions,ctr,position,impressions_90d,explicit_target_in_previous_map,selected_cluster,intent_confidence
square image,10,2220,0.0045045045045045045,9.142342342342342,5891,True,,not-reviewed
square pic,76,2217,0.034280559314388816,5.064501578709969,6218,False,,not-reviewed
make image square,3,983,0.003051881993896236,7.76500508646999,1723,True,,not-reviewed
square photo,2,793,0.0025220680958385876,9.07061790668348,1659,False,,not-reviewed
square image online,7,498,0.014056224899598393,7.811244979919679,1054,False,,not-reviewed
square pic online,7,458,0.015283842794759825,5.681222707423581,1132,False,,not-reviewed
image square,1,433,0.0023094688221709007,9.108545034642033,707,False,,not-reviewed
photo square,2,331,0.006042296072507553,8.703927492447129,661,False,,not-reviewed
square size,0,313,0,8.038338658146966,509,False,square-size,ambiguous
square picture,0,298,0,8.278523489932887,515,False,,not-reviewed
square image maker,3,294,0.01020408163265306,7.510204081632653,628,False,,not-reviewed
make photo square,0,289,0,7.567474048442906,447,False,,not-reviewed
image square maker,2,281,0.0071174377224199285,7,449,False,,not-reviewed
square photo maker,2,245,0.00816326530612245,7.816326530612245,470,False,,not-reviewed
squarepic,74,196,0.37755102040816324,1.760204081632653,605,False,,not-reviewed
square image size,0,174,0,8.75287356321839,465,False,square-size,direct-match
make square image,0,172,0,7.982558139534884,296,False,,not-reviewed
pic to square,0,146,0,7.986301369863014,237,False,,not-reviewed
square photo online,1,140,0.007142857142857143,7.914285714285715,307,False,,not-reviewed
photo square maker,0,134,0,7.634328358208955,284,False,,not-reviewed
image size calculator,2,133,0.015037593984962405,9.263157894736842,181,True,,not-reviewed
make picture square,1,131,0.007633587786259542,7.190839694656488,235,False,,not-reviewed
square pic maker,4,124,0.03225806451612903,5.82258064516129,231,False,,not-reviewed
insta square pic,1,117,0.008547008547008548,8.264957264957264,166,False,,not-reviewed
make image square online,1,113,0.008849557522123894,7.867256637168142,202,False,,not-reviewed
square maker,0,100,0,7.79,147,False,,not-reviewed
square quick online,0,95,0,6.831578947368421,163,False,,not-reviewed
make an image square,0,87,0,8.149425287356323,189,False,,not-reviewed
image to square,0,81,0,8.691358024691358,189,False,,not-reviewed
picture square,0,73,0,9.356164383561644,140,False,,not-reviewed
picture of a square,1,72,0.013888888888888888,2.0972222222222223,108,False,,not-reviewed
pic square,1,71,0.014084507042253521,5.225352112676056,171,False,,not-reviewed
image squarer,0,71,0,8.690140845070424,108,False,,not-reviewed
make square,0,69,0,6.826086956521739,126,False,,not-reviewed
square an image,0,64,0,10.21875,142,False,,not-reviewed
make it square,0,63,0,6.984126984126984,111,False,,not-reviewed
square in pic,1,62,0.016129032258064516,8.096774193548388,145,False,,not-reviewed
turn image into square,1,61,0.01639344262295082,8.40983606557377,71,False,,not-reviewed
square pics,0,60,0,7.85,133,False,,not-reviewed
squre pic,1,55,0.01818181818181818,4.927272727272728,167,False,,not-reviewed
square insta pic,0,55,0,9.527272727272727,98,False,,not-reviewed
image upscaler -ai,2,52,0.038461538461538464,5.634615384615385,52,False,,not-reviewed
online square pic,0,51,0,5.176470588235294,121,False,,not-reviewed
upscale image online,0,51,0,54.98039215686274,51,False,,not-reviewed
square image generator,1,47,0.02127659574468085,7.446808510638298,95,False,,not-reviewed
make photo square for instagram online,0,46,0,6.326086956521739,94,False,,not-reviewed
square picture maker,0,45,0,6.955555555555556,93,False,,not-reviewed
photo square maker online,1,44,0.022727272727272728,7.181818181818182,100,False,,not-reviewed
make photo square online,0,44,0,8.15909090909091,82,False,,not-reviewed
png upscaler,0,42,0,3.738095238095238,42,True,,not-reviewed
convert photo to square without cropping,1,39,0.02564102564102564,5.794871794871795,54,False,,not-reviewed
photo square online,0,39,0,7.846153846153846,91,False,,not-reviewed
make pic square,2,38,0.05263157894736842,6.526315789473684,72,False,,not-reviewed
make a photo square,0,38,0,9.026315789473685,84,False,,not-reviewed
make image a square,0,36,0,8.583333333333332,67,False,,not-reviewed
sqaure pic,0,36,0,5.25,65,False,,not-reviewed
square images,0,36,0,10.38888888888889,150,False,,not-reviewed
upscale image -ai,4,35,0.11428571428571428,6.942857142857143,35,True,,not-reviewed
square image resizer,0,35,0,9.942857142857143,78,False,,not-reviewed
square pick,0,34,0,5.5,86,False,,not-reviewed
make a picture square,0,33,0,8.030303030303031,81,False,,not-reviewed
square photo editor,0,33,0,8.878787878787879,61,False,,not-reviewed
make images square,0,32,0,8.4375,61,False,,not-reviewed
square picture online,0,32,0,6.8125,68,False,,not-reviewed
square photo size,1,31,0.03225806451612903,8.516129032258064,96,False,square-size,direct-match
make image sqaure,0,31,0,8.35483870967742,42,False,,not-reviewed
make it square photo,0,31,0,7.903225806451613,42,False,,not-reviewed
sqaure image,0,31,0,9.709677419354838,61,False,,not-reviewed
image upscaler online,0,28,0,27.178571428571427,28,False,,not-reviewed
how to make an image square,0,27,0,7.518518518518518,40,False,,not-reviewed
discord server banner size,0,26,0,6.8076923076923075,26,True,,not-reviewed
square quick,0,26,0,10.615384615384615,51,False,,not-reviewed
square image editor,1,25,0.04,7.88,32,False,,not-reviewed
1200x627 aspect ratio,0,25,0,9.44,26,True,,not-reviewed
make my image square,0,24,0,8.541666666666668,68,False,,not-reviewed
make this image square,0,24,0,8.458333333333332,36,False,,not-reviewed
square thumbnail,0,24,0,10.833333333333334,34,False,,not-reviewed
square pic editor,1,23,0.043478260869565216,5.173913043478261,39,False,,not-reviewed
squire pic,2,22,0.09090909090909091,6.454545454545454,28,False,,not-reviewed
photosquare,0,22,0,8.181818181818182,45,False,,not-reviewed
picture of square,0,22,0,4.090909090909091,32,False,,not-reviewed
square picture size,0,22,0,7.2272727272727275,45,False,square-size,direct-match
turn photo into square,0,22,0,9.818181818181818,24,False,,not-reviewed
picture square maker,0,21,0,7.857142857142857,50,False,,not-reviewed
square profile picture,0,21,0,10.19047619047619,35,False,,not-reviewed
squareimage,0,21,0,11.095238095238095,26,False,,not-reviewed
image dimension calculator,0,20,0,9.35,36,True,,not-reviewed
make picture a square,0,20,0,8.65,27,False,,not-reviewed
square a photo,0,20,0,9.4,38,False,,not-reviewed
square for instagram,0,20,0,10.45,37,False,,not-reviewed
square image official website,0,20,0,6.4,22,False,,not-reviewed
square jpg,0,20,0,8.85,31,False,,not-reviewed
square maker photo,0,20,0,7.3,44,False,,not-reviewed
square photo for instagram,0,20,0,8,45,False,,not-reviewed
image of a square,0,19,0,4.421052631578947,27,False,,not-reviewed
instagram stories dimensions safe zone,0,19,0,33.89473684210526,50,True,,not-reviewed
1200 x 627 pixels,0,18,0,9.722222222222221,19,False,,not-reviewed
make photo a square,0,18,0,9.333333333333334,23,False,,not-reviewed
make png square,0,18,0,9.5,34,False,,not-reviewed
square size photo,0,18,0,9.222222222222221,85,False,square-size,direct-match
turn image square,0,18,0,7.722222222222222,26,False,,not-reviewed
turn image to square,1,17,0.058823529411764705,8.705882352941178,23,False,,not-reviewed
create square image,0,17,0,10.588235294117647,33,False,,not-reviewed
instagram reel format,0,17,0,41.1764705882353,29,False,,not-reviewed
instagram stories dimensions 2026,0,17,0,35.35294117647059,44,False,,not-reviewed
squar pic,0,17,0,4.705882352941177,52,False,,not-reviewed
square pic for instagram,0,17,0,6.176470588235294,27,False,,not-reviewed
where to enlarge photos,0,17,0,21.823529411764707,17,False,photo-enlargement,ambiguous
make a square image,1,16,0.0625,8.25,30,False,,not-reviewed
square photos for instagram,1,16,0.0625,7.5625,31,False,,not-reviewed
make square photo,0,16,0,8.875,39,False,,not-reviewed
photo size,0,16,0,43.625,22,False,,not-reviewed
resize image for linkedin,0,16,0,9.8125,20,True,,not-reviewed
square creator,0,16,0,5.625,32,False,,not-reviewed
square photos,0,16,0,13.5625,96,False,,not-reviewed
squish image to square,0,16,0,8.25,18,False,,not-reviewed
sqare pic,1,15,0.06666666666666667,5.266666666666667,46,False,,not-reviewed
upscale image free,1,15,0.06666666666666667,11.466666666666667,15,False,,not-reviewed
are reels and stories the same size,0,15,0,4.6,16,False,,not-reviewed
image of square,0,15,0,5.466666666666667,20,False,,not-reviewed
linkedin 1200x628,0,15,0,30.466666666666665,33,False,,not-reviewed
make an image a square,0,15,0,7.133333333333334,23,False,,not-reviewed
make my picture square,0,15,0,8.733333333333334,27,False,,not-reviewed
make pic square online,0,15,0,7.8,25,False,,not-reviewed
online image upscaler,0,15,0,43.666666666666664,15,False,,not-reviewed
picture size calculator,0,15,0,18.2,30,False,,not-reviewed
square images online,0,15,0,7.333333333333333,32,False,,not-reviewed
squre size,0,15,0,7.733333333333333,23,False,,not-reviewed
image square online,1,14,0.07142857142857142,7.785714285714286,20,False,,not-reviewed
crop photo square,0,14,0,9.142857142857142,16,False,,not-reviewed
instagram square maker,0,14,0,8.714285714285715,20,False,,not-reviewed
make picture square online,0,14,0,6.928571428571429,38,False,,not-reviewed
pixel art upscaler,0,14,0,7,14,False,,not-reviewed
pixel upscaler,0,14,0,46.857142857142854,14,False,,not-reviewed
square background,0,14,0,1.5,17,False,,not-reviewed
square image instagram,0,14,0,8.428571428571429,19,True,,not-reviewed
square picture editor,0,14,0,8.285714285714285,19,False,,not-reviewed
turn picture into square,0,14,0,8.214285714285715,15,False,,not-reviewed
make photo square for instagram,2,13,0.15384615384615385,8.23076923076923,20,False,,not-reviewed
square image maker online,1,13,0.07692307692307693,7.846153846153846,16,False,,not-reviewed
square pix,1,13,0.07692307692307693,5.538461538461538,30,False,,not-reviewed
discord server splash image not showing on invite link,0,13,0,2.6923076923076925,13,True,,not-reviewed
make a photo square for instagram,0,13,0,7.615384615384615,15,False,,not-reviewed
make image into square,0,13,0,8.846153846153847,18,False,,not-reviewed
make photos square,0,13,0,8.76923076923077,37,False,,not-reviewed
profile picture square,0,13,0,8.692307692307693,18,False,,not-reviewed
upscale image free online,0,13,0,28.692307692307693,13,False,,not-reviewed
where can i enlarge a photo,0,13,0,22.307692307692307,13,False,photo-enlargement,ambiguous
square image for instagram,1,12,0.08333333333333333,6.75,24,False,,not-reviewed
squre image,1,12,0.08333333333333333,8.833333333333332,35,False,,not-reviewed
linkedin image resizer,0,12,0,10.5,14,False,,not-reviewed
make a image square,0,12,0,7.916666666666667,21,False,,not-reviewed
photo size ratio calculator,0,12,0,49.083333333333336,36,False,,not-reviewed
photo squarer,0,12,0,7.25,38,False,,not-reviewed
pic square maker,0,12,0,7.083333333333333,25,False,,not-reviewed
reel guidelines,0,12,0,8.916666666666668,12,False,,not-reviewed
resize image calculator,0,12,0,70.66666666666667,34,False,,not-reviewed
sharpen image online free,0,12,0,7.583333333333333,12,False,,not-reviewed
square img,0,12,0,9.25,23,False,,not-reviewed
square inage,0,12,0,9.916666666666666,18,False,,not-reviewed
square photo instagram,0,12,0,8.5,22,False,,not-reviewed
upscale photo free,0,12,0,7.75,12,False,,not-reviewed
insta square pic online,1,11,0.09090909090909091,7.636363636363637,11,False,,not-reviewed
square fit photo online,1,11,0.09090909090909091,18.363636363636363,18,False,,not-reviewed
square pictures,1,11,0.09090909090909091,6.7272727272727275,27,False,,not-reviewed
discord server icon size,0,11,0,12.818181818181818,11,False,,not-reviewed
make image square without cropping,0,11,0,8.181818181818182,13,False,,not-reviewed
make picture square for instagram,0,11,0,9.363636363636363,16,False,,not-reviewed
photo ratio calculator,0,11,0,68,27,False,,not-reviewed
picture size ratio calculator,0,11,0,46.81818181818182,35,False,,not-reviewed
picture to square,0,11,0,8.545454545454547,24,False,,not-reviewed
square a pic,0,11,0,6.818181818181818,27,False,,not-reviewed
square png maker,0,11,0,9.545454545454545,17,False,,not-reviewed
squre photo,0,11,0,8.636363636363637,15,False,,not-reviewed
upscale image,0,11,0,28.818181818181817,11,False,,not-reviewed
free upscale,0,10,0,9.6,10,False,,not-reviewed
how to make a picture square,0,10,0,7.8,17,False,,not-reviewed
how to make image square,0,10,0,6.9,13,False,,not-reviewed
image calculator,0,10,0,14.4,13,False,,not-reviewed
image resizer calculator,0,10,0,70.6,35,False,,not-reviewed
image scale calculator,0,10,0,9.4,13,False,,not-reviewed
image upscaler free,0,10,0,10.6,10,False,,not-reviewed
instagram reels format,0,10,0,43.3,30,True,,not-reviewed
make a photo square without cropping,0,10,0,8.6,14,False,,not-reviewed
make a pic square,0,10,0,6.7,16,False,,not-reviewed
make image square for instagram,0,10,0,9,20,False,,not-reviewed
make image square online free,0,10,0,6.6,22,False,,not-reviewed
make photo square without cropping,0,10,0,10,15,False,,not-reviewed
square animage,0,10,0,9.3,34,False,,not-reviewed
square pic photo editor,0,10,0,5.8,25,False,,not-reviewed
square pic size,0,10,0,7.3,39,False,,not-reviewed
squarify image,0,10,0,9.3,17,False,,not-reviewed
upscale image online free,0,10,0,70.8,10,False,,not-reviewed
how to make a photo square for instagram,1,9,0.1111111111111111,3.7777777777777777,18,False,,not-reviewed
square in pic online,1,9,0.1111111111111111,4.444444444444445,28,False,,not-reviewed
square photo generator,1,9,0.1111111111111111,8.222222222222221,13,False,,not-reviewed
how do i upscale an image?,0,9,0,4.444444444444445,9,False,,not-reviewed
image aspect ratio calculator,0,9,0,55.888888888888886,44,False,,not-reviewed
image dimensions,0,9,0,66.66666666666667,16,False,,not-reviewed
image dimensions calculator,0,9,0,8.666666666666668,20,False,,not-reviewed
image proportion calculator,0,9,0,68.77777777777777,27,False,,not-reviewed
imagesquare,0,9,0,9.11111111111111,18,False,,not-reviewed
img square,0,9,0,8.555555555555555,15,False,,not-reviewed
make any image square,0,9,0,8.777777777777779,9,False,,not-reviewed
make this image a square,0,9,0,9,12,False,,not-reviewed
photo size calculator,0,9,0,21.77777777777778,17,False,,not-reviewed
pic calculator,0,9,0,9.11111111111111,10,False,,not-reviewed
square pixel size,0,9,0,10.333333333333334,13,False,square-size,direct-match
squaremaker,0,9,0,14.333333333333334,19,False,,not-reviewed
upscale an image,0,9,0,28.333333333333332,9,False,,not-reviewed
are instagram reels and stories the same size,0,8,0,7.75,8,False,,not-reviewed
are instagram stories and reels the same size,0,8,0,4.625,10,False,,not-reviewed
calculate aspect ratio of an image,0,8,0,52.625,29,False,,not-reviewed
crop picture to square,0,8,0,13.875,12,False,,not-reviewed
discord banner size,0,8,0,67,8,False,,not-reviewed
free image upscaler,0,8,0,10.875,8,False,,not-reviewed
image upscale -ai,0,8,0,5.625,8,False,,not-reviewed
image upscale online,0,8,0,30.375,8,False,,not-reviewed
increase resolution of image online,0,8,0,77.75,8,False,,not-reviewed
is instagram story and reels same size,0,8,0,4.375,18,False,,not-reviewed
make an image square shaped,0,8,0,9,10,False,,not-reviewed
make photo into square,0,8,0,9.125,10,False,,not-reviewed
make picture square without cropping,0,8,0,8.625,10,False,,not-reviewed
make pictures square,0,8,0,9,14,False,,not-reviewed
make the image square,0,8,0,7.75,17,False,,not-reviewed
photo to square,0,8,0,9,31,False,,not-reviewed
pic of square,0,8,0,4.5,12,False,,not-reviewed
pic square online,0,8,0,7.625,26,False,,not-reviewed
size calculator image,0,8,0,8.625,10,False,,not-reviewed
sqare image,0,8,0,8.75,15,False,,not-reviewed
square iamge,0,8,0,9,17,False,,not-reviewed
square jpg image,0,8,0,8.5,9,False,,not-reviewed
square ratio image,0,8,0,9.75,19,False,,not-reviewed
swuare image,0,8,0,9.25,15,False,,not-reviewed
how to make photos square for instagram,1,7,0.14285714285714285,1,9,False,,not-reviewed
square photo maker online,1,7,0.14285714285714285,5,13,False,,not-reviewed
calculate aspect ratio of image,0,7,0,41,25,False,,not-reviewed
create square photo,0,7,0,7.857142857142857,8,False,,not-reviewed
crop photo to square,0,7,0,10,9,False,,not-reviewed
enlarge photos,0,7,0,4,7,False,,not-reviewed
how to make a photo square,0,7,0,8.714285714285715,14,False,,not-reviewed
image make square,0,7,0,9,7,False,,not-reviewed
instagram square size,0,7,0,72.85714285714286,9,False,,not-reviewed
jpeg to webp,0,7,0,16.285714285714285,12,False,,not-reviewed
make a picture a square,0,7,0,6.714285714285714,14,False,,not-reviewed
make a square photo,0,7,0,9.142857142857142,17,False,,not-reviewed
make image swuare,0,7,0,7.142857142857143,15,False,,not-reviewed
make img square,0,7,0,7.857142857142857,11,False,,not-reviewed
make square picture,0,7,0,8.142857142857142,10,False,,not-reviewed
photo in square,0,7,0,7.428571428571429,11,False,,not-reviewed
photo square editor,0,7,0,7.857142857142857,9,False,,not-reviewed
pic of a square,0,7,0,2.571428571428571,9,False,,not-reviewed
picture size comparison,0,7,0,66.42857142857143,9,False,,not-reviewed
square a picture,0,7,0,9.428571428571429,13,False,,not-reviewed
square image dimensions,0,7,0,4.857142857142858,16,False,,not-reviewed
square photo app,0,7,0,3,7,False,,not-reviewed
square photo resizer,0,7,0,5.857142857142857,11,False,,not-reviewed
square size image,0,7,0,8,14,False,,not-reviewed
square the photo,0,7,0,5.142857142857143,16,False,,not-reviewed
square this image,0,7,0,9.714285714285714,15,False,,not-reviewed
squre picture,0,7,0,8,7,False,,not-reviewed
upscale online,0,7,0,55.714285714285715,7,False,,not-reviewed
upscale picture online,0,7,0,70.42857142857143,7,False,,not-reviewed
1200x627 ratio,0,6,0,8.833333333333332,8,False,,not-reviewed
calculate picture size,0,6,0,15,9,False,,not-reviewed
compressor io,0,6,0,58.333333333333336,38,False,,not-reviewed
how to make picture square,0,6,0,9.833333333333334,9,False,,not-reviewed
how to upscale an image for free?,0,6,0,10.166666666666666,6,False,,not-reviewed
image size finder,0,6,0,63.5,17,False,,not-reviewed
image size square,0,6,0,8.333333333333332,10,False,,not-reviewed
linkedin square image size,0,6,0,15,10,False,,not-reviewed
make image squre,0,6,0,7.833333333333333,11,False,,not-reviewed
make my photo square,0,6,0,7.5,8,False,,not-reviewed
make pictures square for instagram,0,6,0,7.5,8,False,,not-reviewed
photo square size,0,6,0,10.333333333333334,24,False,,not-reviewed
photo to square size,0,6,0,8.666666666666668,13,False,,not-reviewed
picture size,0,6,0,60.333333333333336,9,False,,not-reviewed
pixel size calculator,0,6,0,39.333333333333336,7,False,,not-reviewed
scale up image,0,6,0,66.33333333333333,6,False,,not-reviewed
size twitter,0,6,0,21.333333333333332,6,False,,not-reviewed
social media sizes 2026,0,6,0,79.66666666666667,11,True,,not-reviewed
sq photo,0,6,0,8.333333333333332,10,False,,not-reviewed
sqare photo,0,6,0,8.833333333333332,8,False,,not-reviewed
sqare size,0,6,0,6.333333333333333,10,False,,not-reviewed
sqaure photo,0,6,0,9.166666666666666,12,False,,not-reviewed
square an image online,0,6,0,11.666666666666666,21,False,,not-reviewed
square edit photo,0,6,0,10.166666666666666,7,False,,not-reviewed
square fit pic,0,6,0,8.666666666666668,6,False,,not-reviewed
square imag,0,6,0,8.333333333333332,15,False,,not-reviewed
square pic official website,0,6,0,5.333333333333333,9,False,,not-reviewed
square resizer,0,6,0,8.333333333333332,15,False,,not-reviewed
squared image,0,6,0,8.833333333333332,12,False,,not-reviewed
squarepix,0,6,0,4,21,False,,not-reviewed
turn image into a square,0,6,0,8.333333333333332,6,False,,not-reviewed
turn into square image,0,6,0,7,7,False,,not-reviewed
how to make photo square for instagram without cropping,1,5,0.2,2.8,5,False,,not-reviewed
square image app,1,5,0.2,3.6,5,False,,not-reviewed
square inpic,1,5,0.2,9.4,13,False,,not-reviewed
square profile pic,1,5,0.2,10.6,6,False,,not-reviewed
1200x627,0,5,0,17.2,7,False,,not-reviewed
4000x3000 aspect ratio,0,5,0,8.6,6,False,,not-reviewed
800 x 28,0,5,0,8.6,6,False,,not-reviewed
crop image online square,0,5,0,13.6,8,False,,not-reviewed
enlarge image without losing quality,0,5,0,15.6,5,False,photo-enlargement,direct-match
enlarge picture online free,0,5,0,85,5,False,,not-reviewed
find image size,0,5,0,69.2,16,False,,not-reviewed
free online image upscaler,0,5,0,6.2,5,False,,not-reviewed
how to make a photo a square,0,5,0,1,5,False,,not-reviewed
how to make photo square,0,5,0,9,9,False,,not-reviewed
image ratio,0,5,0,74.2,15,False,,not-reviewed
image sizes,0,5,0,63.6,5,False,,not-reviewed
image to square size,0,5,0,9.8,27,False,,not-reviewed
img to square,0,5,0,9.6,8,False,,not-reviewed
instagram photo square,0,5,0,9.6,8,False,,not-reviewed
instagram post size maker,0,5,0,9.4,5,True,,not-reviewed
instagram reel dimensions 2026,0,5,0,10.8,5,False,,not-reviewed
jpg to square,0,5,0,8.8,8,False,,not-reviewed
linkedin resize image,0,5,0,9,5,False,,not-reviewed
negatives to jpeg,0,5,0,83.2,7,False,,not-reviewed
photo dimensions calculator,0,5,0,37.8,18,False,,not-reviewed
quare image,0,5,0,8.2,5,False,,not-reviewed
quick square,0,5,0,8,7,False,,not-reviewed
resize image for twitch panel,0,5,0,6.6,5,True,,not-reviewed
resize image square,0,5,0,21.6,9,False,,not-reviewed
square aspect ratio,0,5,0,23.4,15,False,square-size,direct-match
square image converter,0,5,0,30.6,20,False,,not-reviewed
square imagem online,0,5,0,6.2,31,False,,not-reviewed
square jpeg,0,5,0,9.2,14,False,,not-reviewed
square my image,0,5,0,36.6,15,False,,not-reviewed
squareinpic,0,5,0,5.6,6,False,,not-reviewed
squire image,0,5,0,9.2,10,False,,not-reviewed
squish image into square,0,5,0,10.6,5,False,,not-reviewed
upscale photo online,0,5,0,22.4,5,False,,not-reviewed
upscaler image free,0,5,0,8.2,5,False,,not-reviewed
what is the best free to enlarge photos?,0,5,0,4.6,5,False,,not-reviewed
x photo size,0,5,0,12.2,5,False,,not-reviewed
insta square online free,4,4,1,5,4,False,,not-reviewed
square fit image online,1,4,0.25,6.75,6,False,,not-reviewed
+instagram landscape aspect ratio 1.91:1 1080x566,0,4,0,9,6,False,,not-reviewed
a picture of a square,0,4,0,5.5,14,False,,not-reviewed
calculate size of image,0,4,0,6.75,6,False,,not-reviewed
crop square image online,0,4,0,15.75,6,False,,not-reviewed
how to enlarge a photo,0,4,0,11.25,4,False,photo-enlargement,direct-match
how to enlarge an image,0,4,0,3.75,4,False,photo-enlargement,direct-match
how to enlarge image,0,4,0,4,4,False,photo-enlargement,direct-match
how to make an image a square,0,4,0,4.75,6,False,,not-reviewed
image aspect ratio,0,4,0,61.25,12,False,,not-reviewed
image enlarger online,0,4,0,88.5,4,False,,not-reviewed
image height and width calculator,0,4,0,8.75,6,False,,not-reviewed
image scaling calculator,0,4,0,7.5,6,False,,not-reviewed
image size calc,0,4,0,9.25,7,False,,not-reviewed
images calculator,0,4,0,20.75,7,False,,not-reviewed
increase resolution of image online free,0,4,0,71.5,4,False,,not-reviewed
instagram photo size maker,0,4,0,10.75,4,False,,not-reviewed
instagram reels ui 2026,0,4,0,6.5,4,False,,not-reviewed
instagram square photo,0,4,0,4.75,5,False,,not-reviewed
make image perfect square,0,4,0,10,11,False,,not-reviewed
make images square for instagram,0,4,0,12.5,13,False,,not-reviewed
make my image a square,0,4,0,8.5,7,False,,not-reviewed
make square image online,0,4,0,9.75,17,False,,not-reviewed
make square pic,0,4,0,6.5,4,False,,not-reviewed
online photo square,0,4,0,7.5,15,False,,not-reviewed
online square image,0,4,0,5.5,11,False,,not-reviewed
online upscale image,0,4,0,52.75,4,False,,not-reviewed
photo dimension calculator,0,4,0,19.5,10,False,,not-reviewed
photo size square,0,4,0,5.5,6,False,,not-reviewed
photo square app,0,4,0,2.5,4,False,,not-reviewed
photo squared,0,4,0,30.75,4,False,,not-reviewed
photo upscaler free,0,4,0,9.25,4,False,,not-reviewed
picture dimensions,0,4,0,79.25,8,False,,not-reviewed
picture ratio calculator,0,4,0,62.5,11,False,,not-reviewed
pixel image upscaler,0,4,0,18,4,False,,not-reviewed
profile picture square size,0,4,0,8.5,13,False,,not-reviewed
resize images for linkedin,0,4,0,8.25,4,False,,not-reviewed
resolution increaser,0,4,0,77,4,False,,not-reviewed
size of square,0,4,0,1,4,False,,not-reviewed
size square,0,4,0,1,6,False,,not-reviewed
square image resolution,0,4,0,10.25,8,False,,not-reviewed
square my photo,0,4,0,9.75,5,False,,not-reviewed
square my picture,0,4,0,10.5,13,False,,not-reviewed
square photo dimensions,0,4,0,16.5,10,False,,not-reviewed
square photo editor online,0,4,0,8.25,17,False,,not-reviewed
square pic app,0,4,0,5.25,5,False,,not-reviewed
square picture app,0,4,0,3.25,4,False,,not-reviewed
square ratio size,0,4,0,10.25,6,False,square-size,direct-match
square size images,0,4,0,10.25,10,False,,not-reviewed
squer image,0,4,0,9,8,False,,not-reviewed
twitter landscape post size,0,4,0,9.75,4,False,,not-reviewed
upscale free,0,4,0,14.75,4,False,,not-reviewed
upscale image for printing,0,4,0,8,4,False,photo-enlargement,direct-match
resize image to square without cropping,1,3,0.3333333333333333,2.666666666666667,3,False,,not-reviewed
%instagram landscape aspect ratio 1.91:1 1080x566,0,3,0,8.333333333333332,4,False,,not-reviewed
1200x628 aspect ratio,0,3,0,67,5,False,,not-reviewed
1448 x 1086,0,3,0,9.666666666666666,3,False,,not-reviewed
2x image,0,3,0,7,3,False,,not-reviewed
440 x 1.13,0,3,0,7,5,False,,not-reviewed
440 x 52,0,3,0,8.333333333333332,6,False,,not-reviewed
640 x 365,0,3,0,8.666666666666668,3,False,,not-reviewed
a square picture,0,3,0,2.666666666666667,5,False,,not-reviewed
calculate image size,0,3,0,6.333333333333333,9,False,,not-reviewed
change image to square,0,3,0,13.666666666666666,6,False,,not-reviewed
check aspect ratio of image,0,3,0,8,4,False,,not-reviewed
convert image to square,0,3,0,29,6,False,,not-reviewed
convert to square photo,0,3,0,4,3,False,,not-reviewed
create square image online,0,3,0,9,10,False,,not-reviewed
crop picture square,0,3,0,14,5,False,,not-reviewed
discord avatar size,0,3,0,80.66666666666667,3,False,,not-reviewed
enlarge a photo,0,3,0,5,3,False,,not-reviewed
enlarge and sharpen image,0,3,0,64.66666666666666,3,False,,not-reviewed
find aspect ratio of image,0,3,0,4.666666666666666,3,False,,not-reviewed
free image upscale,0,3,0,5.333333333333333,3,False,,not-reviewed
free image upscaler online,0,3,0,30.666666666666668,3,False,,not-reviewed
free photo upscale,0,3,0,4.333333333333334,3,False,,not-reviewed
free upscaler,0,3,0,13,3,False,,not-reviewed
how to upscale an image,0,3,0,20.333333333333332,3,False,,not-reviewed
image aspect ratio calculation,0,3,0,67.33333333333333,27,False,,not-reviewed
image in square,0,3,0,15,11,False,,not-reviewed
image ratio calculator,0,3,0,61,19,False,,not-reviewed
image resizer square,0,3,0,9,7,False,,not-reviewed
image scaler,0,3,0,89.33333333333333,3,False,,not-reviewed
image square converter,0,3,0,7,6,False,,not-reviewed
increase image quality online free,0,3,0,66.66666666666667,3,False,,not-reviewed
increase image resolution,0,3,0,98.33333333333333,3,False,,not-reviewed
increase photo resolution online free,0,3,0,75.33333333333333,3,False,,not-reviewed
instagram reel text placement guide,0,3,0,7,3,False,,not-reviewed
instagram size maker,0,3,0,8.666666666666668,3,False,,not-reviewed
linkedin dp size in pixels,0,3,0,8,3,False,,not-reviewed
make a photo a square,0,3,0,10.333333333333334,5,False,,not-reviewed
make a picture square online,0,3,0,7.333333333333333,5,False,,not-reviewed
make image to square,0,3,0,9,15,False,,not-reviewed
make it a square,0,3,0,7,8,False,,not-reviewed
make photo bigger,0,3,0,87.33333333333333,3,False,,not-reviewed
make this square,0,3,0,6.333333333333333,7,False,,not-reviewed
nearest neighbor upscaling online,0,3,0,8.333333333333332,3,False,,not-reviewed
perfect square image,0,3,0,10.666666666666666,9,False,,not-reviewed
photo editor square,0,3,0,6.333333333333333,3,False,,not-reviewed
picture dimension calculator,0,3,0,34.666666666666664,12,False,,not-reviewed
picture dimensions calculator,0,3,0,17,6,False,,not-reviewed
profile pic square,0,3,0,7,5,False,,not-reviewed
progressive jpeg converter,0,3,0,76.66666666666667,7,False,,not-reviewed
reduce image size for linkedin,0,3,0,8.666666666666668,3,False,,not-reviewed
reel story size,0,3,0,9.666666666666666,3,False,,not-reviewed
reel text placement guide,0,3,0,7.333333333333333,8,False,,not-reviewed
reels layout guide,0,3,0,10,3,False,,not-reviewed
resize for linkedin,0,3,0,10,3,False,,not-reviewed
resize photo for linkedin,0,3,0,30.666666666666668,5,False,,not-reviewed
size for buzzfeed showdown images,0,3,0,23.333333333333332,4,False,,not-reviewed
sqaure size,0,3,0,8.666666666666668,7,False,,not-reviewed
squar photo,0,3,0,9,3,False,,not-reviewed
square a image,0,3,0,8,8,False,,not-reviewed
square crop photo,0,3,0,10,3,False,,not-reviewed
square image creator,0,3,0,8,18,False,,not-reviewed
square image online free,0,3,0,8,14,False,,not-reviewed
square image sizes,0,3,0,4,4,False,,not-reviewed
square image tool,0,3,0,9,7,False,,not-reviewed
square images for instagram,0,3,0,11.333333333333334,5,False,,not-reviewed
square it photo app,0,3,0,20,3,False,,not-reviewed
square photos online,0,3,0,10.666666666666666,9,False,,not-reviewed
square pict,0,3,0,5.666666666666667,5,False,,not-reviewed
square picture converter,0,3,0,9,6,False,,not-reviewed
square picture generator,0,3,0,8.333333333333332,16,False,,not-reviewed
square size for instagram,0,3,0,7.333333333333333,3,False,,not-reviewed
square size in pixels,0,3,0,59.666666666666664,3,False,square-size,direct-match
square size photo maker,0,3,0,7.333333333333333,13,False,,not-reviewed
square the image,0,3,0,11.333333333333334,15,False,,not-reviewed
squer size,0,3,0,9.666666666666666,3,False,,not-reviewed
to square image,0,3,0,7.333333333333333,4,False,,not-reviewed
turn photo to square,0,3,0,10,6,False,,not-reviewed
twitter horizontal image size,0,3,0,9,3,False,,not-reviewed
twitter landscape image size,0,3,0,9.333333333333334,3,True,,not-reviewed
upscale images online,0,3,0,34.666666666666664,3,False,,not-reviewed
upscale picture,0,3,0,57.333333333333336,3,False,,not-reviewed
upscaler de imagem,0,3,0,4.333333333333334,3,False,,not-reviewed
upsize an image,0,3,0,73.33333333333333,3,False,,not-reviewed
website to jpeg,0,3,0,41,15,False,,not-reviewed
yes,0,3,0,4.333333333333334,3,False,,not-reviewed
how to make a photo square without cropping,1,2,0.5,1,4,False,,not-reviewed
px twitter,1,2,0.5,4.5,2,False,,not-reviewed
squarepic online,1,2,0.5,3,17,False,,not-reviewed
"""vmsquare"" ""pick""",0,2,0,9.5,14,False,,not-reviewed
1 1 square,0,2,0,76,3,False,,not-reviewed
1080x566,0,2,0,11,2,False,,not-reviewed
1128x191,0,2,0,11,2,False,,not-reviewed
1200 x 627,0,2,0,11,2,False,,not-reviewed
1200 x 627 px,0,2,0,10,2,False,,not-reviewed
1200x627 linkedin,0,2,0,10.5,2,False,,not-reviewed
1200x630 aspect ratio,0,2,0,40.5,4,False,,not-reviewed
1300 x 120,0,2,0,7.5,2,False,,not-reviewed
2x upscale,0,2,0,7,2,False,,not-reviewed
720 x 365,0,2,0,8.5,2,False,,not-reviewed
800 x 44,0,2,0,11.5,2,False,,not-reviewed
a picture of square,0,2,0,2,2,False,,not-reviewed
banner discord size,0,2,0,75,2,False,,not-reviewed
calc image,0,2,0,9.5,2,False,,not-reviewed
calculate image,0,2,0,52,5,False,,not-reviewed
calculate pic,0,2,0,10,2,False,,not-reviewed
calculate width and height of image,0,2,0,10,4,False,,not-reviewed
change image to square size,0,2,0,10.5,3,False,,not-reviewed
compress io,0,2,0,56.5,5,False,,not-reviewed
convert to hd image,0,2,0,2.5,2,False,,not-reviewed
crop photo into square,0,2,0,16,2,False,,not-reviewed
dimension of a photo,0,2,0,81,2,False,,not-reviewed
discord banners size,0,2,0,44.5,2,False,,not-reviewed
discord image size,0,2,0,40,2,False,,not-reviewed
enlarge and sharpen image online free,0,2,0,150,2,False,,not-reviewed
enlarge image,0,2,0,94,2,False,,not-reviewed
enlarge photo online,0,2,0,44,2,False,,not-reviewed
enlarge photo online free,0,2,0,84,2,False,,not-reviewed
find image aspect ratio,0,2,0,5,2,False,,not-reviewed
find size of image,0,2,0,85.5,4,False,,not-reviewed
format reel instagram 2025,0,2,0,77,5,False,,not-reviewed
generate square image,0,2,0,6.5,3,False,,not-reviewed
get image size,0,2,0,58.5,4,False,,not-reviewed
how do i enlarge a photo,0,2,0,4.5,2,False,photo-enlargement,direct-match
how to check aspect ratio of image,0,2,0,1,2,False,,not-reviewed
how to make pictures square for instagram,0,2,0,6,12,False,,not-reviewed
image 2x,0,2,0,7,2,False,,not-reviewed
image enlarger free,0,2,0,96.5,2,False,,not-reviewed
image guidelines,0,2,0,83,4,True,,not-reviewed
image pixel size checker,0,2,0,86.5,2,False,,not-reviewed
image resize calculator,0,2,0,75,3,False,,not-reviewed
image resizer to square,0,2,0,10.5,8,False,,not-reviewed
image size,0,2,0,59.5,2,False,,not-reviewed
image size calculation,0,2,0,8.5,2,False,,not-reviewed
image size measurement,0,2,0,79,5,False,,not-reviewed
image size ratio,0,2,0,49,3,False,,not-reviewed
image size ratio calculator,0,2,0,46,4,False,,not-reviewed
image square cropper,0,2,0,9.5,4,False,,not-reviewed
image upscale free,0,2,0,9.5,2,False,,not-reviewed
image upscale free no sign up,0,2,0,8,2,False,,not-reviewed
image upscaler online free,0,2,0,9,2,False,,not-reviewed
images upscaler,0,2,0,16.5,2,False,,not-reviewed
improve image quality online free,0,2,0,21.5,2,False,,not-reviewed
increase image quality online,0,2,0,50.5,2,False,,not-reviewed
increase image resolution online,0,2,0,54.5,2,False,,not-reviewed
increase image resolution online free,0,2,0,83.5,2,False,,not-reviewed
increase photo resolution online,0,2,0,72.5,2,False,,not-reviewed
increase resolution of image,0,2,0,75.5,2,False,,not-reviewed
increase resolution of image online for free,0,2,0,82.5,2,False,,not-reviewed
increase resolution online,0,2,0,86,2,False,,not-reviewed
insta square photo,0,2,0,13.5,2,False,,not-reviewed
instagram profile size maker,0,2,0,9,2,False,,not-reviewed
instagram reel guidelines,0,2,0,1,3,False,,not-reviewed
instagram reel margins,0,2,0,42.5,3,False,,not-reviewed
instagram reels guidelines,0,2,0,21.5,2,False,,not-reviewed
instagram square,0,2,0,25.5,5,False,,not-reviewed
is story reel safe to use,0,2,0,11,2,False,,not-reviewed
jpg to square size,0,2,0,9,3,False,,not-reviewed
linkedin image share size,0,2,0,67.5,9,True,,not-reviewed
linkedin ratio image,0,2,0,10,2,False,,not-reviewed
make a picture square without cropping,0,2,0,10,6,False,,not-reviewed
make a png square,0,2,0,8.5,2,False,,not-reviewed
make a square,0,2,0,2.5,2,False,,not-reviewed
make an image square online,0,2,0,5,3,False,,not-reviewed
make jpg square,0,2,0,8.5,2,False,,not-reviewed
make my photo square without cropping,0,2,0,9,2,False,,not-reviewed
make photos square for instagram,0,2,0,10.5,6,False,,not-reviewed
make picture into square,0,2,0,10.5,5,False,,not-reviewed
make the photo square,0,2,0,7.5,15,False,,not-reviewed
make the picture square,0,2,0,8,4,False,,not-reviewed
make this photo square,0,2,0,6.5,3,False,,not-reviewed
measure image size,0,2,0,85.5,3,False,,not-reviewed
no crop online,0,2,0,66.5,3,False,,not-reviewed
online image upscale,0,2,0,7.5,2,False,,not-reviewed
online square,0,2,0,7,8,False,,not-reviewed
online upscaler,0,2,0,57.5,2,False,,not-reviewed
online upscaler image,0,2,0,7.5,2,False,,not-reviewed
photo dimensions,0,2,0,80.5,2,False,,not-reviewed
photo of a square,0,2,0,2,7,False,,not-reviewed
photo of square,0,2,0,2,4,False,,not-reviewed
photo pixel enhancer,0,2,0,94.5,2,False,,not-reviewed
photo resolution calculator,0,2,0,41,2,False,,not-reviewed
photo resolution increase online,0,2,0,90.5,2,False,,not-reviewed
photo sqaure,0,2,0,6,2,False,,not-reviewed
photo square fit,0,2,0,18.5,2,False,,not-reviewed
pic size calculator,0,2,0,12.5,7,False,,not-reviewed
picture enlargement online,0,2,0,82.5,2,False,,not-reviewed
picture enlarger online,0,2,0,90.5,2,False,,not-reviewed
picture in square,0,2,0,11,3,False,,not-reviewed
picture into jpg,0,2,0,91,2,False,,not-reviewed
pixel dimension calculator,0,2,0,67,2,False,,not-reviewed
pixel enlargement,0,2,0,38,2,False,,not-reviewed
png to square image,0,2,0,6.5,4,False,,not-reviewed
ratio image size,0,2,0,76.5,2,False,,not-reviewed
rectangle to square,0,2,0,88.5,4,False,,not-reviewed
reels.io,0,2,0,98.5,2,False,,not-reviewed
resize image linkedin,0,2,0,9.5,2,False,,not-reviewed
resize image to square,0,2,0,72.5,3,False,,not-reviewed
resize picture for linkedin,0,2,0,9,3,False,,not-reviewed
scale image calculator,0,2,0,62,2,False,,not-reviewed
set square image,0,2,0,54,13,False,,not-reviewed
size of square photo,0,2,0,1,6,False,,not-reviewed
size of square picture,0,2,0,1,2,False,,not-reviewed
small square pictures,0,2,0,1,2,False,,not-reviewed
sqaure picture,0,2,0,7,2,False,,not-reviewed
squar image,0,2,0,7,5,False,,not-reviewed
square and image,0,2,0,10.5,2,False,,not-reviewed
square backround,0,2,0,1,2,False,,not-reviewed
square converter,0,2,0,67.5,8,False,,not-reviewed
square crop image,0,2,0,76,2,False,,not-reviewed
square fit image for instagram,0,2,0,4.5,3,False,,not-reviewed
square fit photo,0,2,0,57,6,False,,not-reviewed
square foto,0,2,0,8,7,False,,not-reviewed
square image ratio,0,2,0,1,3,False,,not-reviewed
square imagem,0,2,0,10,4,False,,not-reviewed
square in image,0,2,0,5.5,11,False,,not-reviewed
square inpic for pc,0,2,0,21,24,False,,not-reviewed
square insta pic online,0,2,0,5,2,False,,not-reviewed
square instapic,0,2,0,19.5,7,False,,not-reviewed
square instapic online,0,2,0,14,13,False,,not-reviewed
square photo crop,0,2,0,9.5,2,False,,not-reviewed
square photo cropper,0,2,0,12,2,False,,not-reviewed
square profile image,0,2,0,9.5,3,False,,not-reviewed
square px,0,2,0,2.5,2,False,,not-reviewed
square ready,0,2,0,19,8,False,,not-reviewed
square screenshot,0,2,0,8.5,2,False,,not-reviewed
square shape background,0,2,0,2,2,False,,not-reviewed
square size picture,0,2,0,9.5,6,False,,not-reviewed
square size ratio,0,2,0,4,2,False,,not-reviewed
square sized,0,2,0,10.5,18,False,,not-reviewed
square the image online,0,2,0,9,3,False,,not-reviewed
squareanimage.com,0,2,0,5,2,False,,not-reviewed
squared picture,0,2,0,5.5,2,False,,not-reviewed
story reel size,0,2,0,6,5,False,,not-reviewed
suare image,0,2,0,9,8,False,,not-reviewed
swuare photo,0,2,0,9.5,6,False,,not-reviewed
test image square,0,2,0,6.5,4,False,,not-reviewed
turn photo into square without cropping,0,2,0,5.5,3,False,,not-reviewed
upscale free online,0,2,0,9,2,False,,not-reviewed
upscale image free no sign up,0,2,0,27.5,2,False,,not-reviewed
upscale image x2,0,2,0,7.5,2,False,,not-reviewed
upscaler online,0,2,0,56.5,2,False,,not-reviewed
what is 1080x1350,0,2,0,9.5,2,False,,not-reviewed
what is square size,0,2,0,1,2,False,,not-reviewed
what size is a square,0,2,0,1,2,False,,not-reviewed
what size is square photo,0,2,0,1,3,False,,not-reviewed
youtube channel art recommended size 2026,0,2,0,24,2,True,,not-reviewed
altri siti,1,1,1,1,1,False,,not-reviewed
free ways to,1,1,1,1,1,False,,not-reviewed
is there a website that does it,1,1,1,1,1,False,,not-reviewed
make into square image,1,1,1,5,1,False,,not-reviewed
no me salen las opciones,1,1,1,1,1,False,,not-reviewed
ok is there any other way,1,1,1,1,1,False,,not-reviewed
otra pagina,1,1,1,1,1,False,,not-reviewed
where is the download,1,1,1,1,1,False,,not-reviewed
не меняется цвет,1,1,1,1,1,False,,not-reviewed
بدون تحميل,1,1,1,1,1,False,,not-reviewed
1.91 1 size in pixels,0,1,0,78,1,False,,not-reviewed
1023 x 1537,0,1,0,8,1,False,,not-reviewed
1080 x 1340,0,1,0,7,1,False,,not-reviewed
1080 × 566 px,0,1,0,11,1,False,,not-reviewed
1122 x 1402,0,1,0,11,1,False,,not-reviewed
1200 × 627 px,0,1,0,8,1,False,,not-reviewed
1200x630 ratio,0,1,0,8,1,False,,not-reviewed
1254x1254 picture size,0,1,0,1,1,False,,not-reviewed
1300 x 150,0,1,0,9,3,False,,not-reviewed
1300 x 70,0,1,0,12,1,False,,not-reviewed
160 x 365,0,1,0,8,1,False,,not-reviewed
16t reels means,0,1,0,10,1,False,,not-reviewed
1700 x 120,0,1,0,7,1,False,,not-reviewed
2x upscale image,0,1,0,8,1,False,,not-reviewed
3:1 size,0,1,0,41,1,False,,not-reviewed
400x300 aspect ratio,0,1,0,9,3,False,,not-reviewed
440 x 16,0,1,0,8,1,False,,not-reviewed
440 x 36,0,1,0,7,1,False,,not-reviewed
480 x 365,0,1,0,10,1,False,,not-reviewed
4x upscale image,0,1,0,5,1,False,,not-reviewed
4x upscaler free,0,1,0,8,1,False,,not-reviewed
4x6 calculator,0,1,0,12,1,False,,not-reviewed
6424 x 52,0,1,0,8,1,False,,not-reviewed
800 x 46,0,1,0,4,1,False,,not-reviewed
800 x 53,0,1,0,9,1,False,,not-reviewed
850 x 365,0,1,0,6,1,False,,not-reviewed
a free tool,0,1,0,2,1,False,,not-reviewed
a square image,0,1,0,4,3,False,,not-reviewed
add more pixels to image,0,1,0,75,1,False,,not-reviewed
add pixels to image,0,1,0,76,1,False,,not-reviewed
any bigger?,0,1,0,2,1,False,,not-reviewed
aquare image,0,1,0,11,5,False,,not-reviewed
aspect ratio calculator for images,0,1,0,55,10,False,,not-reviewed
aspect ratio check,0,1,0,66,1,False,,not-reviewed
aspect ratio generator,0,1,0,57,1,False,,not-reviewed
aspect ratio of image,0,1,0,74,7,False,,not-reviewed
aspect ratio size calculator,0,1,0,7,1,False,,not-reviewed
average size of a photo,0,1,0,53,1,False,,not-reviewed
background image square,0,1,0,1,1,False,,not-reviewed
bagaimana dengan instagram?,0,1,0,1,1,False,,not-reviewed
banner screen cheat sheet,0,1,0,6,1,False,,not-reviewed
bothh,0,1,0,2,1,False,,not-reviewed
calculadora de proporção de imagem,0,1,0,78,1,False,,not-reviewed
calculate aspect ratio inches,0,1,0,78,1,False,,not-reviewed
calculate dimensions of image,0,1,0,10,2,False,,not-reviewed
calculate the size of image,0,1,0,9,1,False,,not-reviewed
calculating aspect ratio of an image,0,1,0,57,11,False,,not-reviewed
can you recommend tools to improve image quality online?,0,1,0,7,1,False,,not-reviewed
cheat sheet for social media images,0,1,0,58,2,False,,not-reviewed
check dimensions of image,0,1,0,152,1,False,,not-reviewed
clip to jpg,0,1,0,68,4,False,,not-reviewed
compress image io,0,1,0,8,3,False,,not-reviewed
compression io,0,1,0,65,1,False,,not-reviewed
convert photo to square,0,1,0,9,2,False,,not-reviewed
convert picture to square,0,1,0,14,2,False,,not-reviewed
convert rectangle image to square without cropping,0,1,0,77,1,False,,not-reviewed
convert to square,0,1,0,22,4,False,,not-reviewed
create a square image,0,1,0,7,5,False,,not-reviewed
create square,0,1,0,8,2,False,,not-reviewed
creator square,0,1,0,1,1,False,,not-reviewed
crop image in square,0,1,0,77,1,False,,not-reviewed
crop photo in square,0,1,0,22,2,False,,not-reviewed
crop to square,0,1,0,25,2,False,,not-reviewed
cut image square,0,1,0,10,1,False,,not-reviewed
cuáles ?,0,1,0,2,1,False,,not-reviewed
dimension of image,0,1,0,91,1,False,,not-reviewed
dimensions calculator image,0,1,0,9,3,False,,not-reviewed
dimensions of a photo,0,1,0,69,11,False,,not-reviewed
dimensions of a picture,0,1,0,82,1,False,,not-reviewed
dimensions picture,0,1,0,77,1,False,,not-reviewed
discord avatar image size,0,1,0,10,1,False,,not-reviewed
discord avatar resize,0,1,0,7,1,False,,not-reviewed
discord background size,0,1,0,73,1,False,,not-reviewed
discord banner aspect ratio,0,1,0,67,1,False,,not-reviewed
discord banner dimensions,0,1,0,13,1,False,,not-reviewed
discord banner gif size,0,1,0,8,1,False,,not-reviewed
discord banner profile size,0,1,0,99,1,False,,not-reviewed
discord banner ratio,0,1,0,6,1,False,,not-reviewed
discord emoji resolution,0,1,0,76,1,False,,not-reviewed
discord emoji size converter,0,1,0,7,1,False,,not-reviewed
discord emoji size limit,0,1,0,66,1,False,,not-reviewed
discord emote size,0,1,0,67,1,False,,not-reviewed
discord forum post image size,0,1,0,11,1,False,,not-reviewed
discord forum thumbnail size,0,1,0,11,1,False,,not-reviewed
discord invite banner size,0,1,0,79,1,False,,not-reviewed
discord profile banner aspect ratio,0,1,0,68,1,False,,not-reviewed
discord profile pic dimensions,0,1,0,79,1,False,,not-reviewed
discord profile pic size,0,1,0,90,1,False,,not-reviewed
discord profile picture size,0,1,0,86,1,False,,not-reviewed
discord server banner dimensions,0,1,0,3,1,False,,not-reviewed
discord server icon dimensions,0,1,0,40,1,False,,not-reviewed
discord server icon max size,0,1,0,9,1,False,,not-reviewed
discord server profile size,0,1,0,4,1,False,,not-reviewed
discord sticker size,0,1,0,73,1,False,,not-reviewed
enhance and enlarge image,0,1,0,72,1,False,,not-reviewed
enhance image size online,0,1,0,97,1,False,,not-reviewed
enlarge and enhance image,0,1,0,78,1,False,,not-reviewed
enlarge and enhance image free,0,1,0,88,1,False,,not-reviewed
enlarge image free,0,1,0,88,1,False,,not-reviewed
enlarge image hd,0,1,0,33,1,False,,not-reviewed
enlarge image online,0,1,0,87,1,False,,not-reviewed
enlarge image without losing quality online,0,1,0,96,1,False,,not-reviewed
enlarge images without losing quality,0,1,0,4,1,False,,not-reviewed
enlarge old photos without losing quality,0,1,0,25,1,False,,not-reviewed
enlarge photo resolution online,0,1,0,85,1,False,,not-reviewed
enlarge pics,0,1,0,1,1,False,,not-reviewed
enlarge picture,0,1,0,1,1,False,,not-reviewed
enlarge picture online,0,1,0,3,1,False,,not-reviewed
es segura esa pagina,0,1,0,3,1,False,,not-reviewed
file to image converter,0,1,0,61,1,False,,not-reviewed
find image size online,0,1,0,60,2,False,,not-reviewed
find out image size,0,1,0,9,1,False,,not-reviewed
find pixel size of image,0,1,0,85,1,False,,not-reviewed
for pc,0,1,0,6,1,False,,not-reviewed
format for instagram reels,0,1,0,11,1,False,,not-reviewed
format square,0,1,0,11,3,False,,not-reviewed
format stories instagram,0,1,0,30,1,False,,not-reviewed
foto square,0,1,0,7,3,False,,not-reviewed
free aspect ratio calculator,0,1,0,66,1,False,,not-reviewed
free image cropper,0,1,0,11,1,False,,not-reviewed
free online image resolution increaser,0,1,0,3,1,False,,not-reviewed
free photo upscaler,0,1,0,23,1,False,,not-reviewed
free upscale image,0,1,0,15,1,False,,not-reviewed
free upscale photo,0,1,0,33,1,False,,not-reviewed
free upscaler image,0,1,0,28,1,False,,not-reviewed
free web tool,0,1,0,8,1,False,,not-reviewed
full picture size,0,1,0,56,1,False,,not-reviewed
get image dimensions,0,1,0,70,3,False,,not-reviewed
give me a website for this,0,1,0,3,1,False,,not-reviewed
hd converter free,0,1,0,18,1,False,,not-reviewed
hd image scale,0,1,0,67,1,False,,not-reviewed
hd square image,0,1,0,8,1,False,,not-reviewed
hd upscaler free,0,1,0,20,1,False,,not-reviewed
height and width calculator of image,0,1,0,10,3,False,,not-reviewed
herramienta online,0,1,0,2,1,False,,not-reviewed
how do you enlarge a photo,0,1,0,5,1,False,photo-enlargement,direct-match
how many pixels is this image,0,1,0,87,1,False,,not-reviewed
how to calculate image size,0,1,0,56,4,False,,not-reviewed
how to enlarge an image without losing quality,0,1,0,28,1,False,photo-enlargement,direct-match
how to enlarge image without losing quality,0,1,0,11,1,False,photo-enlargement,direct-match
how to enlarge pictures,0,1,0,20,1,False,,not-reviewed
how to get a square profile picture on x,0,1,0,9,1,False,,not-reviewed
how to increase megapixels of a picture online,0,1,0,35,1,False,,not-reviewed
how to make a picture a square,0,1,0,13,3,False,,not-reviewed
how to make a square photo,0,1,0,1,1,False,,not-reviewed
how to make instagram post square,0,1,0,3,4,False,,not-reviewed
how to square a picture,0,1,0,1,1,False,,not-reviewed
how to square an image,0,1,0,2,4,False,,not-reviewed
how to upscale an image online,0,1,0,32,1,False,,not-reviewed
how to upscale image without losing quality,0,1,0,10,1,False,,not-reviewed
ig reels format,0,1,0,47,3,False,,not-reviewed
ig stories size,0,1,0,93,1,False,,not-reviewed
ig story dimensions 2024,0,1,0,85,3,False,,not-reviewed
ig story guidelines,0,1,0,64,3,False,,not-reviewed
image 2x upscale,0,1,0,7,1,False,,not-reviewed
image dimension finder,0,1,0,70,2,False,,not-reviewed
image dimensions finder,0,1,0,78,1,False,,not-reviewed
image enlarger,0,1,0,69,1,False,,not-reviewed
image frame size,0,1,0,51,1,False,,not-reviewed
image into square,0,1,0,10,3,False,,not-reviewed
image larger,0,1,0,48,1,False,,not-reviewed
image of scalar,0,1,0,75,1,False,,not-reviewed
image pixel calculator,0,1,0,6,1,False,,not-reviewed
image pixel count,0,1,0,70,1,False,,not-reviewed
image pixel increaser,0,1,0,83,1,False,,not-reviewed
image quality increaser online,0,1,0,97,1,False,,not-reviewed
image ratio sizes,0,1,0,66,1,False,,not-reviewed
image resize instagram,0,1,0,8,1,False,,not-reviewed
image resize to square,0,1,0,9,5,False,,not-reviewed
image resolution increase online free,0,1,0,31,1,False,,not-reviewed
image size aspect ratio,0,1,0,11,1,False,,not-reviewed
image size calculator online,0,1,0,9,1,False,,not-reviewed
image size calculator ratio,0,1,0,29,8,False,,not-reviewed
image size enhancer online,0,1,0,87,1,False,,not-reviewed
image size formula,0,1,0,88,2,False,,not-reviewed
image size tester,0,1,0,67,3,False,,not-reviewed
image sqaure,0,1,0,10,1,False,,not-reviewed
image square resizer,0,1,0,7,5,False,,not-reviewed
image to square image,0,1,0,9,4,False,,not-reviewed
image upscale,0,1,0,8,1,False,,not-reviewed
image upscaler free online,0,1,0,6,1,False,,not-reviewed
image upscaler nearest neighbor,0,1,0,9,1,False,,not-reviewed
image upscaler online free no watermark,0,1,0,1,1,False,,not-reviewed
image upscaling,0,1,0,3,1,False,,not-reviewed
image upscaling online,0,1,0,22,1,False,,not-reviewed
image width and height calculator,0,1,0,6,1,False,,not-reviewed
images of a square,0,1,0,2,12,False,,not-reviewed
images of squares,0,1,0,10,4,False,,not-reviewed
images square,0,1,0,9,3,False,,not-reviewed
img upscale free,0,1,0,10,1,False,,not-reviewed
improve resolution of image online,0,1,0,99,1,False,,not-reviewed
in pic,0,1,0,8,1,False,,not-reviewed
increase image size and resolution,0,1,0,67,1,False,,not-reviewed
increase picture resolution,0,1,0,95,1,False,,not-reviewed
increase picture resolution online free,0,1,0,90,1,False,,not-reviewed
insta,0,1,0,9,1,False,,not-reviewed
insta profile pic size maker,0,1,0,7,2,False,,not-reviewed
insta square online,0,1,0,8,9,False,,not-reviewed
instagram frame guide,0,1,0,1,1,False,,not-reviewed
instagram full dp maker,0,1,0,19,1,False,,not-reviewed
instagram image hd,0,1,0,8,1,False,,not-reviewed
instagram reel borders,0,1,0,11,1,False,,not-reviewed
instagram reel boundaries,0,1,0,1,2,False,,not-reviewed
instagram reel clear space,0,1,0,11,1,False,,not-reviewed
instagram reel layout guide,0,1,0,1,1,False,,not-reviewed
instagram reel placement guide,0,1,0,11,1,False,,not-reviewed
instagram reel size and safe zone,0,1,0,9,1,False,,not-reviewed
instagram reels best practices vertical 9:16 official,0,1,0,10,1,False,,not-reviewed
instagram reels cover size 2026,0,1,0,10,1,False,,not-reviewed
instagram reels dimensions,0,1,0,46,4,False,,not-reviewed
instagram reels formats,0,1,0,41,3,False,,not-reviewed
instagram reels guides,0,1,0,8,1,False,,not-reviewed
instagram reels recommended aspect ratio 9:16,0,1,0,100,1,False,,not-reviewed
instagram reels safe zone 2026,0,1,0,9,2,False,,not-reviewed
instagram reels safe zones 2026,0,1,0,1,2,False,,not-reviewed
instagram reels thumbnail size 2026,0,1,0,10,1,False,,not-reviewed
instagram size photo maker,0,1,0,9,2,False,,not-reviewed
instagram size square,0,1,0,11,1,False,,not-reviewed
instagram square image 1080 x 1080 official,0,1,0,7,1,False,,not-reviewed
instagram square image size,0,1,0,9,1,False,,not-reviewed
instagram square image size 1080 x 1080 official,0,1,0,9,1,False,,not-reviewed
instagram square photos,0,1,0,1,3,False,,not-reviewed
instagram square pic,0,1,0,10,1,False,,not-reviewed
instagram square post 1080 x 1080 official,0,1,0,7,1,False,,not-reviewed
instagram stories format,0,1,0,56,1,False,,not-reviewed
instagram story and reel size,0,1,0,6,1,False,,not-reviewed
instagram story clear space,0,1,0,20,1,False,,not-reviewed
instagram story dimensions,0,1,0,91,4,False,,not-reviewed
instagram story dimensions 2024,0,1,0,80,3,False,,not-reviewed
instagram story dims,0,1,0,22,1,False,,not-reviewed
instagram video sizes,0,1,0,1,1,False,,not-reviewed
instasquare online,0,1,0,51,2,False,,not-reviewed
instastories format,0,1,0,39,1,False,,not-reviewed
iphone,0,1,0,1,1,False,,not-reviewed
is there a better way,0,1,0,1,1,False,,not-reviewed
is there a website,0,1,0,3,1,False,,not-reviewed
is there a website where i can do that,0,1,0,2,1,False,,not-reviewed
is there an easier way to,0,1,0,1,1,False,,not-reviewed
it square,0,1,0,34,1,False,,not-reviewed
ja online,0,1,0,5,1,False,,not-reviewed
jpeg into webp,0,1,0,10,1,False,,not-reviewed
jpeg webp,0,1,0,13,1,False,,not-reviewed
jpg square image,0,1,0,9,9,False,,not-reviewed
l square image,0,1,0,3,1,False,,not-reviewed
linkedin image size 2016,0,1,0,86,9,False,,not-reviewed
linkedin life tab images size,0,1,0,20,1,False,,not-reviewed
linkedin profile photo aspect ratio,0,1,0,28,1,False,,not-reviewed
linkedin profile photo size 2026 recommended,0,1,0,79,1,False,,not-reviewed
make an image square without cropping,0,1,0,10,1,False,,not-reviewed
make image bigger,0,1,0,95,1,False,,not-reviewed
make image in square shape,0,1,0,9,1,False,,not-reviewed
make image square shaped,0,1,0,11,2,False,,not-reviewed
make it a square image,0,1,0,9,2,False,,not-reviewed
make logo square,0,1,0,30,1,False,,not-reviewed
make picture bigger,0,1,0,73,1,False,,not-reviewed
make this a square,0,1,0,7,2,False,,not-reviewed
make this picture square,0,1,0,8,1,False,,not-reviewed
margin instagram story,0,1,0,22,1,False,,not-reviewed
nincs más?,0,1,0,1,1,False,,not-reviewed
online free image upscaler,0,1,0,4,1,False,,not-reviewed
online free tools,0,1,0,2,1,False,,not-reviewed
online image enlarger,0,1,0,92,1,False,,not-reviewed
online image size finder,0,1,0,65,4,False,,not-reviewed
online method,0,1,0,1,1,False,,not-reviewed
online sequer,0,1,0,9,1,False,,not-reviewed
other tools?,0,1,0,8,1,False,,not-reviewed
pfp size discord,0,1,0,30,1,False,,not-reviewed
photo 2x,0,1,0,10,1,False,,not-reviewed
photo aspect ratio calculator,0,1,0,64,3,False,,not-reviewed
photo crop square,0,1,0,14,1,False,,not-reviewed
photo enlarger free,0,1,0,98,1,False,,not-reviewed
photo enlarger online,0,1,0,99,1,False,,not-reviewed
photo increase,0,1,0,71,1,False,,not-reviewed
photo proportion calculator,0,1,0,10,1,False,,not-reviewed
photo resize calculator,0,1,0,76,1,False,,not-reviewed
photo resize to square,0,1,0,15,1,False,,not-reviewed
photo size comparison,0,1,0,46,1,False,,not-reviewed
photo upscale online free,0,1,0,8,1,False,,not-reviewed
photos dimensions,0,1,0,8,2,False,,not-reviewed
photos square,0,1,0,10,3,False,,not-reviewed
pic enlarger free,0,1,0,96,1,False,,not-reviewed
pic enlarger online,0,1,0,93,1,False,,not-reviewed
pic upscaler,0,1,0,14,1,False,,not-reviewed
pictsqare,0,1,0,6,1,False,,not-reviewed
picture calculator,0,1,0,18,1,False,,not-reviewed
picture of a squire,0,1,0,2,1,False,,not-reviewed
picture of the square,0,1,0,2,1,False,,not-reviewed
picture ratio,0,1,0,67,21,False,,not-reviewed
picture resize calculator,0,1,0,77,2,False,,not-reviewed
picture resolution increase online,0,1,0,99,1,False,,not-reviewed
picture square shape,0,1,0,27,1,False,,not-reviewed
picture to square converter,0,1,0,9,11,False,,not-reviewed
pictures of a square,0,1,0,5,7,False,,not-reviewed
pictures square,0,1,0,9,5,False,,not-reviewed
picturesquare,0,1,0,11,2,False,,not-reviewed
pinterest image upscaler,0,1,0,11,1,False,,not-reviewed
pixel dimensions calculator,0,1,0,66,2,False,,not-reviewed
pixel increaser,0,1,0,92,1,False,,not-reviewed
placeholder image square,0,1,0,96,2,False,,not-reviewed
png,0,1,0,9,1,False,,not-reviewed
png image upscaler,0,1,0,4,1,False,,not-reviewed
png image upscaler free,0,1,0,4,1,False,,not-reviewed
png square,0,1,0,7,1,False,,not-reviewed
png to progressive jpeg,0,1,0,76,4,False,,not-reviewed
portrait square,0,1,0,18,2,False,,not-reviewed
precise photo,0,1,0,71,1,False,,not-reviewed
print aspect ratio calculator,0,1,0,59,1,False,,not-reviewed
profile image square,0,1,0,10,7,False,,not-reviewed
profile photo square,0,1,0,8,3,False,,not-reviewed
que formato son los reels de instagram,0,1,0,2,1,False,,not-reviewed
quelles sont les meilleures pratiques pour créer une photo de profil discord de haute qualité et quelles fonctionnalités dois-je prendre en compte ?,0,1,0,5,1,False,,not-reviewed
ratio image,0,1,0,82,26,False,,not-reviewed
ratio image calculator,0,1,0,60,1,False,,not-reviewed
rectangular image,0,1,0,39,2,False,,not-reviewed
reel,0,1,0,1,1,False,,not-reviewed
reel dimensions 2026,0,1,0,11,1,False,,not-reviewed
reel format,0,1,0,1,1,False,,not-reviewed
reel template size,0,1,0,11,1,False,,not-reviewed
reels format,0,1,0,45,1,False,,not-reviewed
reels guideline,0,1,0,8,1,False,,not-reviewed
reshape image to square,0,1,0,10,1,False,,not-reviewed
resize image to discord emoji,0,1,0,5,1,False,,not-reviewed
resize photo to square,0,1,0,23,2,False,,not-reviewed
resize picture for linkedin profile,0,1,0,11,1,False,,not-reviewed
resize picture to square,0,1,0,8,1,False,,not-reviewed
resize snapchat photo for instagram,0,1,0,29,1,False,,not-reviewed
resolution increaser online,0,1,0,95,1,False,,not-reviewed
safe area instagram reels 2026,0,1,0,9,1,False,,not-reviewed
scalar image,0,1,0,75,1,False,,not-reviewed
scale image,0,1,0,59,1,False,,not-reviewed
size calculator by photo,0,1,0,6,1,False,,not-reviewed
size of the picture,0,1,0,77,6,False,,not-reviewed
size ratio calculator,0,1,0,52,1,False,,not-reviewed
size to ratio,0,1,0,11,1,False,,not-reviewed
small square image,0,1,0,2,3,False,,not-reviewed
social media dimensions 2026,0,1,0,79,1,False,,not-reviewed
social media image sizes 2026,0,1,0,128,3,True,,not-reviewed
social media post sizes 2026,0,1,0,85,1,False,,not-reviewed
sq image,0,1,0,10,1,False,,not-reviewed
squar picture,0,1,0,8,1,False,,not-reviewed
square 1080x1080,0,1,0,11,1,False,,not-reviewed
square crop,0,1,0,7,3,False,,not-reviewed
square crop online,0,1,0,15,2,False,,not-reviewed
square cut image,0,1,0,10,2,False,,not-reviewed
square dimensions pixels,0,1,0,11,3,False,,not-reviewed
square dp maker,0,1,0,9,2,False,,not-reviewed
square feet image online,0,1,0,10,3,False,,not-reviewed
square feet photo,0,1,0,24,1,False,,not-reviewed
square feet photo online,0,1,0,10,16,False,,not-reviewed
square fit for instagram,0,1,0,67,3,False,,not-reviewed
square fit image,0,1,0,24,6,False,,not-reviewed
square fit photo editor,0,1,0,29,1,False,,not-reviewed
square fit picture,0,1,0,22,1,False,,not-reviewed
square format image,0,1,0,2,3,False,,not-reviewed
square headshot,0,1,0,11,1,False,,not-reviewed
square image black and white,0,1,0,8,1,False,,not-reviewed
square image free,0,1,0,10,5,False,,not-reviewed
square image ig,0,1,0,9,1,False,,not-reviewed
square image jpg,0,1,0,19,2,False,,not-reviewed
square image size for instagram,0,1,0,21,2,False,,not-reviewed
square imagen,0,1,0,5,1,False,,not-reviewed
square imahe,0,1,0,7,4,False,,not-reviewed
square in picture,0,1,0,9,4,False,,not-reviewed
square insta,0,1,0,11,3,False,,not-reviewed
square instapic online para pc,0,1,0,8,6,False,,not-reviewed
square instapic pc,0,1,0,21,2,False,,not-reviewed
square linkedin post size,0,1,0,11,1,False,,not-reviewed
square my image online,0,1,0,11,1,False,,not-reviewed
square photo background,0,1,0,7,1,False,,not-reviewed
square photo editor without cropping,0,1,0,23,8,False,,not-reviewed
square photo online for whatsapp,0,1,0,60,2,False,,not-reviewed
square photo sizes,0,1,0,1,3,False,,not-reviewed
square photograph,0,1,0,1,3,False,,not-reviewed
square picture drawing,0,1,0,2,1,False,,not-reviewed
square pis,0,1,0,3,1,False,,not-reviewed
square pixel dimensions,0,1,0,10,2,False,,not-reviewed
square profile photo,0,1,0,11,2,False,,not-reviewed
square profile pics,0,1,0,7,1,False,,not-reviewed
square px size,0,1,0,10,3,False,,not-reviewed
square ratio for instagram,0,1,0,11,1,False,,not-reviewed
square reels,0,1,0,15,3,False,,not-reviewed
square resize image,0,1,0,11,2,False,,not-reviewed
square shape image,0,1,0,25,3,False,,not-reviewed
square shape images,0,1,0,22,3,False,,not-reviewed
square size in px,0,1,0,9,1,False,,not-reviewed
square size post,0,1,0,8,2,False,,not-reviewed
square social media post size,0,1,0,40,4,False,,not-reviewed
square square background,0,1,0,1,1,False,,not-reviewed
square the picture,0,1,0,11,3,False,,not-reviewed
square thumbnail size,0,1,0,10,2,False,,not-reviewed
square up picture,0,1,0,8,2,False,,not-reviewed
square video instagram,0,1,0,59,1,False,,not-reviewed
squaready,0,1,0,29,1,False,,not-reviewed
squareimages,0,1,0,10,1,False,,not-reviewed
squares image,0,1,0,3,1,False,,not-reviewed
squares photos,0,1,0,2,1,False,,not-reviewed
squeeze image to square,0,1,0,8,1,False,,not-reviewed
squire picture,0,1,0,4,1,False,,not-reviewed
sticker size discord,0,1,0,62,1,False,,not-reviewed
stock photos,0,1,0,1,1,False,,not-reviewed
stories?,0,1,0,7,1,False,,not-reviewed
stretch image to square,0,1,0,74,1,False,,not-reviewed
suqare image,0,1,0,7,3,False,,not-reviewed
telegram,0,1,0,8,1,False,,not-reviewed
thumbnail vs banner,0,1,0,11,1,True,,not-reviewed
to webp.io,0,1,0,61,1,False,,not-reviewed
twitter image size 2026,0,1,0,11,1,False,,not-reviewed
twitter pic size,0,1,0,9,2,False,,not-reviewed
twitter size image,0,1,0,11,1,False,,not-reviewed
up pixel image,0,1,0,80,1,False,,not-reviewed
upscale 2x,0,1,0,7,1,False,,not-reviewed
upscale 4x free,0,1,0,6,1,False,,not-reviewed
upscale a picture,0,1,0,19,1,False,,not-reviewed
upscale image 2x,0,1,0,9,1,False,,not-reviewed
upscale image for free,0,1,0,3,1,False,,not-reviewed
upscale images,0,1,0,24,1,False,,not-reviewed
upscale images free,0,1,0,11,1,False,,not-reviewed
upscale images free online,0,1,0,3,1,False,,not-reviewed
upscale img,0,1,0,25,1,False,,not-reviewed
upscale media free,0,1,0,10,1,False,,not-reviewed
upscale media gratis,0,1,0,10,1,False,,not-reviewed
upscale online free,0,1,0,7,1,False,,not-reviewed
upscale online image,0,1,0,8,1,False,,not-reviewed
upscale photo,0,1,0,74,1,False,,not-reviewed
upscale photo online free,0,1,0,21,1,False,,not-reviewed
upscale pics,0,1,0,68,1,False,,not-reviewed
upscale pictures,0,1,0,11,1,False,,not-reviewed
upscale pixel,0,1,0,83,1,False,,not-reviewed
upscale product image,0,1,0,28,1,False,,not-reviewed
upscaler free,0,1,0,6,1,False,,not-reviewed
upscaler online free,0,1,0,9,1,False,,not-reviewed
upscaling free online,0,1,0,72,1,False,,not-reviewed
upscaling images online,0,1,0,4,1,False,,not-reviewed
upscaling online free,0,1,0,65,1,False,,not-reviewed
upscaling photo online,0,1,0,6,1,False,,not-reviewed
vertical to square image,0,1,0,26,1,False,,not-reviewed
webpage to image converter,0,1,0,75,1,False,,not-reviewed
what are the dimensions of a discord banner,0,1,0,74,1,False,,not-reviewed
what aspect ratio is discord banner,0,1,0,2,1,False,,not-reviewed
what is discord banner aspect ratio,0,1,0,6,1,False,,not-reviewed
what is the best tool to enlarge photos?,0,1,0,4,1,False,,not-reviewed
what is the discord banner size,0,1,0,74,1,False,,not-reviewed
what is the size of a square,0,1,0,1,1,False,,not-reviewed
what is the size of discord banner,0,1,0,11,1,False,,not-reviewed
what ratio is 1200x627,0,1,0,11,1,False,,not-reviewed
what size are discord stickers,0,1,0,64,1,False,,not-reviewed
what size is a discord banner,0,1,0,8,1,False,,not-reviewed
what size is a discord server icon,0,1,0,37,1,False,,not-reviewed
what size is discord banner,0,1,0,10,1,False,,not-reviewed
what size is the discord banner,0,1,0,11,1,False,,not-reviewed
what size is this image,0,1,0,63,1,False,,not-reviewed
white photo square,0,1,0,20,1,False,,not-reviewed
white square pic,0,1,0,11,1,False,,not-reviewed
without adobe,0,1,0,11,1,False,,not-reviewed
www squareimage.com,0,1,0,9,1,False,,not-reviewed
x image ratio,0,1,0,6,1,False,,not-reviewed
x image size,0,1,0,11,1,False,,not-reviewed
yes please,0,1,0,3,1,False,,not-reviewed
апскейл онлайн,0,1,0,6,1,False,,not-reviewed
תן לי קישור,0,1,0,1,1,False,,not-reviewed
غير ذلك,0,1,0,4,1,False,,not-reviewed
