path,family,clicks,impressions,ctr,position,previous_clicks,previous_impressions,support_90d_impressions
/,Square maker,382,21085,0.018117144889732036,7.50538297367797,296,15463,45044
/upscaler,Other tools,28,1105,0.025339366515837104,23.091402714932126,0,0,1105
/guides/instagram-reels-stories-guide,Guides,12,1964,0.006109979633401222,8.343177189409369,6,1382,3454
/image-size-calculator,Other tools,12,2378,0.005046257359125316,14.473086627417999,4,3007,5605
/resize/linkedin,Platform resizers,6,454,0.013215859030837005,10.23568281938326,0,39,611
/resize/instagram,Platform resizers,5,465,0.010752688172043012,9.245161290322581,0,145,647
/resize/twitch,Platform resizers,4,202,0.019801980198019802,7.2772277227722775,1,78,296
/blog/how-to-square-image-for-any-platform,Legacy blog,2,103,0.019417475728155338,7.165048543689321,1,81,290
/privacy,Information/other,2,13,0.15384615384615385,6.384615384615385,0,3,26
/compressor,Other tools,1,49,0.02040816326530612,16.79591836734694,0,102,231
/converter/jpg-to-ico,Converters,1,4,0.25,7.25,0,4,21
/converter/png-to-avif,Converters,1,1,1.0,1.0,0,0,2
/faq,Information/other,1,23,0.043478260869565216,6.043478260869565,0,28,80
/guides,Guides,1,22,0.045454545454545456,33.31818181818182,0,109,159
/guides/discord-image-sizes-2026,Guides,1,283,0.0035335689045936395,14.731448763250883,0,0,283
/guides/tiktok-image-sizes-2026,Guides,1,25,0.04,8.04,0,69,149
/research,Information/other,1,3,0.3333333333333333,5.666666666666667,0,1,19
/resize/x-twitter,Platform resizers,1,160,0.00625,8.88125,0,20,230
/free-image-optimizer,Information/other,0,3,0.0,17.666666666666668,0,43,64
/free-instagram-photo-resizer,Information/other,0,6,0.0,8.333333333333334,1,40,94
/guides/social-media-image-sizes-2026,Guides,0,717,0.0,7.470013947001394,0,204,940
/instagram-post-resizer,Information/other,0,3,0.0,7.0,0,13,50
/about,Information/other,0,171,0.0,6.385964912280702,1,139,390
/blog,Legacy blog,0,1,0.0,7.0,0,6,25
/converter,Converters,0,50,0.0,34.74,0,392,486
/converter/jpg-to-gif,Converters,0,3,0.0,10.666666666666666,0,17,56
/converter/jpg-to-webp,Converters,0,19,0.0,12.789473684210526,0,2,30
/converter/png-to-webp,Converters,0,1,0.0,2.0,0,1,3
/guides/instagram-feed-sizes-2026,Guides,0,36,0.0,7.5,0,40,139
/guides/linkedin-image-sizes-2026,Guides,0,34,0.0,17.823529411764707,0,92,267
/guides/youtube-banner-thumbnail-sizes-2026,Guides,0,37,0.0,9.72972972972973,0,32,97
/support,Information/other,0,3,0.0,6.666666666666667,0,0,3
/terms,Information/other,0,8,0.0,8.75,0,2,20
