path,query,clicks,impressions,ctr,position,previous_impressions,support_90d_impressions
/,square image,10,2309,0.0043308791684712,9.11736682546557,2622,5855
/,square pic,76,2215,0.03431151241534989,5.04334085778781,1983,6190
/,make image square,3,1003,0.0029910269192422734,7.724825523429711,665,1700
/,square photo,2,822,0.0024330900243309003,9.094890510948906,527,1653
/,square image online,7,512,0.013671875,7.78515625,281,1043
/,square pic online,7,459,0.015250544662309368,5.65359477124183,366,1126
/,image square,1,439,0.002277904328018223,9.104783599088838,214,696
/,square size,0,340,0.0,8.105882352941176,142,513
/,photo square,2,337,0.005934718100890208,8.703264094955488,214,654
/,square image maker,4,313,0.012779552715654952,7.4281150159744405,247,630
/,square picture,0,305,0.0,8.318032786885245,141,511
/,make photo square,0,292,0.0,7.554794520547945,100,443
/,image square maker,2,282,0.0070921985815602835,7.0212765957446805,110,442
/,square photo maker,2,239,0.008368200836820083,7.7656903765690375,136,455
/,make square image,0,184,0.0,7.956521739130435,91,295
/,square image size,0,176,0.0,8.806818181818182,159,446
/,pic to square,0,155,0.0,7.883870967741935,32,237
/about,squarepic,0,145,0.0,6.6,110,293
/,square photo online,1,141,0.0070921985815602835,7.8936170212765955,89,302
/image-size-calculator,image size calculator,2,138,0.014492753623188406,9.094202898550725,37,178
/,make picture square,1,134,0.007462686567164179,7.134328358208955,70,230
/,photo square maker,0,134,0.0,7.582089552238806,78,280
/,square pic maker,4,124,0.03225806451612903,5.814516129032258,52,228
/,insta square pic,1,123,0.008130081300813009,8.34959349593496,26,166
/,make image square online,1,114,0.008771929824561403,7.93859649122807,69,198
/,square maker,0,104,0.0,7.778846153846154,34,148
/,square quick online,0,95,0.0,6.894736842105263,51,161
/,image to square,0,87,0.0,8.850574712643677,96,187
/,make an image square,0,87,0.0,8.114942528735632,85,185
/,pic square,1,75,0.013333333333333334,5.12,50,166
/,square an image,0,75,0.0,10.173333333333334,60,142
/,image squarer,0,72,0.0,8.73611111111111,30,106
/,picture square,0,72,0.0,9.305555555555555,53,137
/,make it square,0,68,0.0,7.176470588235294,31,113
/,square in pic,1,65,0.015384615384615385,8.138461538461538,53,148
/,make square,0,65,0.0,7.123076923076923,46,122
/,turn image into square,1,62,0.016129032258064516,8.43548387096774,9,71
/,square pics,0,59,0.0,7.8474576271186445,55,131
/,square insta pic,0,58,0.0,9.362068965517242,22,97
/,squre pic,1,56,0.017857142857142856,4.910714285714286,43,165
/,online square pic,1,54,0.018518518518518517,5.185185185185185,44,121
/,square image generator,1,54,0.018518518518518517,7.722222222222222,41,99
/upscaler,image upscaler -ai,2,50,0.04,5.6,0,50
/,make photo square for instagram online,0,47,0.0,6.468085106382978,30,94
/,make photo square online,0,47,0.0,8.042553191489363,18,83
/,square picture maker,0,47,0.0,6.957446808510638,30,94
/,make pic square,2,42,0.047619047619047616,6.4523809523809526,20,74
/,photo square maker online,1,42,0.023809523809523808,7.119047619047619,28,97
/upscaler,png upscaler,0,42,0.0,3.738095238095238,0,42
/,make a photo square,0,39,0.0,9.025641025641026,37,84
/,photo square online,0,39,0.0,7.9743589743589745,22,91
/,square images,0,39,0.0,10.153846153846153,77,147
/,convert photo to square without cropping,1,38,0.02631578947368421,6.7105263157894735,12,50
/,square pick,0,38,0.0,5.526315789473684,18,87
/,make image a square,0,38,0.0,8.552631578947368,25,67
/,make a picture square,0,36,0.0,8.0,43,81
/,sqaure pic,0,35,0.0,5.171428571428572,13,65
/,square image resizer,0,35,0.0,9.942857142857143,16,78
/,make images square,0,34,0.0,8.382352941176471,25,62
/,square photo editor,0,34,0.0,8.705882352941178,23,63
/,square picture online,0,34,0.0,6.794117647058823,16,66
/upscaler,upscale image -ai,4,33,0.12121212121212122,7.0,0,33
/,square photo size,1,33,0.030303030303030304,8.363636363636363,33,93
/,sqaure image,0,33,0.0,9.757575757575758,18,61
/,make image sqaure,0,30,0.0,8.333333333333332,11,41
/,make it square photo,0,30,0.0,7.833333333333333,7,41
/,square quick,0,29,0.0,10.275862068965518,21,51
/,make my image square,0,28,0.0,8.571428571428571,37,67
/,square image editor,1,27,0.037037037037037035,7.7407407407407405,3,31
/guides/discord-image-sizes-2026,discord server banner size,0,26,0.0,6.8076923076923075,0,26
/resize/linkedin,1200x627 aspect ratio,0,26,0.0,9.384615384615385,0,26
/,square pic editor,1,25,0.04,5.28,2,43
/,how to make an image square,0,25,0.0,7.76,12,37
/,square thumbnail,0,25,0.0,10.88,8,34
/,make this image square,0,24,0.0,8.458333333333332,11,36
/,square picture size,0,24,0.0,7.375,10,45
/,photosquare,0,23,0.0,8.130434782608695,18,45
/,square maker photo,0,22,0.0,7.454545454545454,9,46
/,picture square maker,0,22,0.0,7.863636363636363,18,50
/,squire pic,2,21,0.09523809523809523,6.238095238095238,4,27
/,picture of square,0,21,0.0,4.190476190476191,8,30
/,square a photo,0,21,0.0,9.333333333333334,13,38
/,square profile picture,0,21,0.0,10.19047619047619,11,35
/,squareimage,0,21,0.0,11.095238095238095,1,26
/,make picture a square,0,20,0.0,8.65,6,27
/,square photo for instagram,0,20,0.0,7.999999999999998,19,46
/,make png square,0,20,0.0,9.5,11,34
/,square image official website,0,20,0.0,6.4,2,22
